,antecedent,pd,cls,conf_pd,conf_pnd,elift,sup_pd,sup_pnd
1,['NumberOfOpenCreditLinesAndLoans=x<0'],age=0<x<25,class=NO,0.9215686274509803,0.9707317073170731,0.9493546162183466,47.0,199.0
0,['NumberOfOpenCreditLinesAndLoans=0<x<14'],age=0<x<25,class=NO,0.9803921568627451,0.9774774774774775,1.0029818378964488,50.0,217.0
